{
  "iteration": 2,
  "lp_obj": 604.8754847412642,
  "lp_status": "Optimal",
  "duals_source": "fresh",
  "dual_stats": {
    "count": 1272,
    "nnz": 1266,
    "min": -3.514388570897321,
    "max": 1.000000000000214,
    "mean": 0.47553104146325786
  },
  "new_cols": 1500,
  "added_count": 1500,
  "pool_size": 7840,
  "stale_age": 0,
  "stop_counters": {
    "no_new_cols": 0,
    "pool_stagnation": 0,
    "incumbent_stagnation": 0
  }
}