{
  "iteration": 1,
  "mip_status": "OPTIMAL",
  "mip_time": 22.604097843170166,
  "incumbent_drivers": 1012,
  "avg_hours": 5.655912384716733,
  "pct_under_30": 95.7509881422925,
  "pct_under_20": 95.7509881422925,
  "selected_days_worked_hist": {
    "1": 969,
    "3": 24,
    "4": 19
  },
  "lp_obj": 695.2848290378465,
  "lp_status": "Optimal",
  "duals_source": "fresh",
  "dual_stats": {
    "count": 1272,
    "nnz": 1268,
    "min": -3.7005256760450886,
    "max": 1.0,
    "mean": 0.5466075699983071
  },
  "new_cols": 1500,
  "added_count": 1500,
  "pool_size": 6340,
  "stale_age": 0,
  "stop_counters": {
    "no_new_cols": 0,
    "pool_stagnation": 0,
    "incumbent_stagnation": 0
  }
}