{
  "iteration": 5,
  "mip_status": "OPTIMAL",
  "mip_time": 30.390451192855835,
  "incumbent_drivers": 782,
  "avg_hours": 7.319416027280478,
  "pct_under_30": 97.18670076726342,
  "pct_under_20": 92.71099744245525,
  "selected_days_worked_hist": {
    "1": 706,
    "2": 53,
    "3": 12,
    "4": 11
  },
  "lp_obj": 430.8828843906021,
  "lp_status": "Optimal",
  "duals_source": "fresh",
  "dual_stats": {
    "count": 1272,
    "nnz": 1262,
    "min": -3.122690365500107,
    "max": 1.0000000000000004,
    "mean": 0.33874440596745414
  },
  "new_cols": 1500,
  "added_count": 1500,
  "pool_size": 12340,
  "stale_age": 0,
  "stop_counters": {
    "no_new_cols": 0,
    "pool_stagnation": 0,
    "incumbent_stagnation": 0
  }
}