{
  "iteration": 4,
  "lp_obj": 456.2769086566341,
  "lp_status": "Optimal",
  "duals_source": "fresh",
  "dual_stats": {
    "count": 1272,
    "nnz": 1268,
    "min": -3.42736844633958,
    "max": 1.0000000000000018,
    "mean": 0.35870826152250956
  },
  "new_cols": 1500,
  "added_count": 1500,
  "pool_size": 10840,
  "stale_age": 0,
  "stop_counters": {
    "no_new_cols": 0,
    "pool_stagnation": 0,
    "incumbent_stagnation": 0
  }
}