{
  "iteration": 15,
  "mip_status": "FAILED_STAGE_1",
  "mip_time": 0.19609475135803223,
  "lp_obj": 326.1394420026545,
  "lp_status": "Optimal",
  "duals_source": "fresh",
  "dual_stats": {
    "count": 1272,
    "nnz": 1267,
    "min": -2.074210780909579,
    "max": 1.000000000000001,
    "mean": 0.2563989323920241
  },
  "new_cols": 1500,
  "added_count": 1500,
  "pool_size": 24340,
  "stale_age": 0,
  "stop_counters": {
    "no_new_cols": 0,
    "pool_stagnation": 0,
    "incumbent_stagnation": 0
  }
}