{
  "iteration": 3,
  "lp_obj": 531.6462559595384,
  "lp_status": "Optimal",
  "duals_source": "fresh",
  "dual_stats": {
    "count": 1272,
    "nnz": 1269,
    "min": -3.0348274744817068,
    "max": 1.0000000000000004,
    "mean": 0.41796089304995154
  },
  "new_cols": 1500,
  "added_count": 1500,
  "pool_size": 9340,
  "stale_age": 0,
  "stop_counters": {
    "no_new_cols": 0,
    "pool_stagnation": 0,
    "incumbent_stagnation": 0
  }
}