{
  "iteration": 16,
  "lp_obj": 323.17656584205827,
  "lp_status": "Optimal",
  "duals_source": "fresh",
  "dual_stats": {
    "count": 1272,
    "nnz": 1269,
    "min": -2.5368912298226185,
    "max": 1.0000000000000002,
    "mean": 0.25406962723432236
  },
  "new_cols": 1500,
  "added_count": 1500,
  "pool_size": 25840,
  "stale_age": 0,
  "stop_counters": {
    "no_new_cols": 0,
    "pool_stagnation": 0,
    "incumbent_stagnation": 0
  }
}