{
  "iteration": 17,
  "lp_obj": 320.3536830729788,
  "lp_status": "Optimal",
  "duals_source": "fresh",
  "dual_stats": {
    "count": 1272,
    "nnz": 1269,
    "min": -2.152796013197756,
    "max": 1.0000000000000004,
    "mean": 0.2518503797743537
  },
  "new_cols": 1500,
  "added_count": 1500,
  "pool_size": 27340,
  "stale_age": 0,
  "stop_counters": {
    "no_new_cols": 0,
    "pool_stagnation": 0,
    "incumbent_stagnation": 0
  }
}