{
  "iteration": 6,
  "lp_obj": 423.87314022968553,
  "lp_status": "Optimal",
  "duals_source": "fresh",
  "dual_stats": {
    "count": 1272,
    "nnz": 1228,
    "min": -3.0511310514514633,
    "max": 1.0000000000000002,
    "mean": 0.33323360080950076
  },
  "new_cols": 1500,
  "added_count": 1500,
  "pool_size": 13840,
  "stale_age": 0,
  "stop_counters": {
    "no_new_cols": 0,
    "pool_stagnation": 0,
    "incumbent_stagnation": 0
  }
}