{
  "iteration": 14,
  "lp_obj": 354.49685310873633,
  "lp_status": "Optimal",
  "duals_source": "fresh",
  "dual_stats": {
    "count": 1272,
    "nnz": 1265,
    "min": -2.9199645219541104,
    "max": 1.000000000000004,
    "mean": 0.2786924945823403
  },
  "new_cols": 1500,
  "added_count": 1500,
  "pool_size": 22840,
  "stale_age": 0,
  "stop_counters": {
    "no_new_cols": 0,
    "pool_stagnation": 0,
    "incumbent_stagnation": 0
  }
}