{
  "iteration": 7,
  "lp_obj": 401.9650393944775,
  "lp_status": "Optimal",
  "duals_source": "fresh",
  "dual_stats": {
    "count": 1272,
    "nnz": 1258,
    "min": -3.0238410874844366,
    "max": 1.0000000000000127,
    "mean": 0.31601025109628816
  },
  "new_cols": 1500,
  "added_count": 1500,
  "pool_size": 15340,
  "stale_age": 0,
  "stop_counters": {
    "no_new_cols": 0,
    "pool_stagnation": 0,
    "incumbent_stagnation": 0
  }
}