{
  "iteration": 4,
  "lp_obj": 463.406265705564,
  "lp_status": "Optimal",
  "duals_source": "fresh",
  "dual_stats": {
    "count": 1272,
    "nnz": 1269,
    "min": -3.2675360153306947,
    "max": 1.0000000000000004,
    "mean": 0.3643131019697821
  },
  "new_cols": 1500,
  "added_count": 1500,
  "pool_size": 10840,
  "stale_age": 0,
  "stop_counters": {
    "no_new_cols": 0,
    "pool_stagnation": 0,
    "incumbent_stagnation": 0
  }
}