{
  "iteration": 1,
  "mip_status": "OPTIMAL",
  "mip_time": 26.4252769947052,
  "incumbent_drivers": 1007,
  "avg_hours": 5.683995365772923,
  "pct_under_30": 95.63058589870904,
  "pct_under_20": 95.63058589870904,
  "selected_days_worked_hist": {
    "1": 963,
    "3": 29,
    "4": 15
  },
  "lp_obj": 709.0145069377204,
  "lp_status": "Optimal",
  "duals_source": "fresh",
  "dual_stats": {
    "count": 1272,
    "nnz": 1271,
    "min": -3.5039230383929922,
    "max": 1.0,
    "mean": 0.5574013419321697
  },
  "new_cols": 1500,
  "added_count": 1500,
  "pool_size": 6340,
  "stale_age": 0,
  "stop_counters": {
    "no_new_cols": 0,
    "pool_stagnation": 0,
    "incumbent_stagnation": 0
  }
}