{
  "iteration": 9,
  "lp_obj": 378.39460733720585,
  "lp_status": "Optimal",
  "duals_source": "fresh",
  "dual_stats": {
    "count": 1272,
    "nnz": 1226,
    "min": -2.7586905395839216,
    "max": 1.0000000000000013,
    "mean": 0.2974800372147849
  },
  "new_cols": 1500,
  "added_count": 1500,
  "pool_size": 18340,
  "stale_age": 0,
  "stop_counters": {
    "no_new_cols": 0,
    "pool_stagnation": 0,
    "incumbent_stagnation": 0
  }
}