{
  "iteration": 5,
  "mip_status": "OPTIMAL",
  "mip_time": 38.36697769165039,
  "incumbent_drivers": 794,
  "avg_hours": 7.208795130142738,
  "pct_under_30": 97.35516372795969,
  "pct_under_20": 92.31738035264485,
  "selected_days_worked_hist": {
    "1": 719,
    "2": 50,
    "3": 16,
    "4": 9
  },
  "lp_obj": 448.72620537673635,
  "lp_status": "Optimal",
  "duals_source": "fresh",
  "dual_stats": {
    "count": 1272,
    "nnz": 1268,
    "min": -3.2498131249247417,
    "max": 1.0000000000000009,
    "mean": 0.3527721740383148
  },
  "new_cols": 1500,
  "added_count": 1500,
  "pool_size": 12340,
  "stale_age": 0,
  "stop_counters": {
    "no_new_cols": 0,
    "pool_stagnation": 0,
    "incumbent_stagnation": 0
  }
}