{
  "iteration": 20,
  "lp_objective": 265036.89738498954,
  "pool_size": 25000,
  "incumbent_drivers": 884,
  "wall_time": 337.74172925949097,
  "new_cols_added": 1000,
  "artificial_used": 0
}