{
  "iteration": 2,
  "lp_objective": 295052.32980932354,
  "pool_size": 7000,
  "incumbent_drivers": 985,
  "wall_time": 30.505072832107544,
  "new_cols_added": 1000,
  "artificial_used": 0
}