{
  "iteration": 18,
  "lp_obj": 422.5410972143171,
  "lp_status": "Optimal",
  "duals_source": "fresh",
  "dual_stats": {
    "count": 1385,
    "nnz": 1360,
    "min": -3.9908579675950975,
    "max": 1.0000000000003069,
    "mean": 0.30508382470347334
  },
  "new_cols": 1500,
  "added_count": 1500,
  "pool_size": 30000,
  "stale_age": 0,
  "stop_counters": {
    "no_new_cols": 0,
    "pool_stagnation": 0,
    "incumbent_stagnation": 0
  }
}