{
  "iteration": 1,
  "mip_status": "OPTIMAL",
  "mip_time": 37.09914445877075,
  "incumbent_drivers": 1197,
  "avg_hours": 5.206766917293233,
  "pct_under_30": 98.16207184628237,
  "pct_under_20": 98.16207184628237,
  "selected_days_worked_hist": {
    "1": 1175,
    "4": 7,
    "5": 13,
    "6": 2
  },
  "lp_obj": 796.3370386673448,
  "lp_status": "Optimal",
  "duals_source": "fresh",
  "dual_stats": {
    "count": 1385,
    "nnz": 1385,
    "min": -4.157744241325892,
    "max": 1.0,
    "mean": 0.5749725910955552
  },
  "new_cols": 1500,
  "added_count": 1500,
  "pool_size": 4500,
  "stale_age": 0,
  "stop_counters": {
    "no_new_cols": 0,
    "pool_stagnation": 0,
    "incumbent_stagnation": 0
  }
}