{
  "iteration": 4,
  "lp_obj": 721.8845281257989,
  "lp_status": "Optimal",
  "duals_source": "fresh",
  "dual_stats": {
    "count": 1385,
    "nnz": 1384,
    "min": -4.654037113534514,
    "max": 1.0000000000001028,
    "mean": 0.5212162657948003
  },
  "new_cols": 1500,
  "added_count": 1500,
  "pool_size": 9000,
  "stale_age": 0,
  "stop_counters": {
    "no_new_cols": 0,
    "pool_stagnation": 0,
    "incumbent_stagnation": 0
  }
}