{
  "iteration": 10,
  "mip_status": "OPTIMAL",
  "mip_time": 60.603222131729126,
  "incumbent_drivers": 948,
  "avg_hours": 6.574367088607595,
  "pct_under_30": 96.62447257383965,
  "pct_under_20": 95.25316455696202,
  "selected_days_worked_hist": {
    "1": 897,
    "2": 18,
    "3": 8,
    "4": 3,
    "5": 11,
    "6": 11
  },
  "lp_obj": 563.0829173592535,
  "lp_status": "Optimal",
  "duals_source": "fresh",
  "dual_stats": {
    "count": 1385,
    "nnz": 1370,
    "min": -5.957853023905605,
    "max": 1.000000000000278,
    "mean": 0.4065580630752711
  },
  "new_cols": 1500,
  "added_count": 1500,
  "pool_size": 18000,
  "stale_age": 0,
  "stop_counters": {
    "no_new_cols": 0,
    "pool_stagnation": 0,
    "incumbent_stagnation": 0
  }
}