{
  "iteration": 15,
  "mip_status": "OPTIMAL",
  "mip_time": 60.27251219749451,
  "incumbent_drivers": 855,
  "avg_hours": 7.2894736842105265,
  "pct_under_30": 96.0233918128655,
  "pct_under_20": 92.98245614035088,
  "selected_days_worked_hist": {
    "1": 784,
    "2": 35,
    "3": 7,
    "4": 6,
    "5": 10,
    "6": 13
  },
  "lp_obj": 448.41900861779067,
  "lp_status": "Optimal",
  "duals_source": "fresh",
  "dual_stats": {
    "count": 1385,
    "nnz": 1366,
    "min": -3.098717342155178,
    "max": 1.0000000000000004,
    "mean": 0.3237682372691644
  },
  "new_cols": 1500,
  "added_count": 1500,
  "pool_size": 25500,
  "stale_age": 0,
  "stop_counters": {
    "no_new_cols": 0,
    "pool_stagnation": 0,
    "incumbent_stagnation": 0
  }
}