{
  "iteration": 8,
  "lp_obj": 606.6404703911024,
  "lp_status": "Optimal",
  "duals_source": "fresh",
  "dual_stats": {
    "count": 1385,
    "nnz": 1375,
    "min": -5.737169510249441,
    "max": 1.0000000000004237,
    "mean": 0.4380075598491693
  },
  "new_cols": 1500,
  "added_count": 1500,
  "pool_size": 15000,
  "stale_age": 0,
  "stop_counters": {
    "no_new_cols": 0,
    "pool_stagnation": 0,
    "incumbent_stagnation": 0
  }
}