{
  "iteration": 3,
  "lp_obj": 742.0065845523143,
  "lp_status": "Optimal",
  "duals_source": "fresh",
  "dual_stats": {
    "count": 1385,
    "nnz": 1385,
    "min": -4.332161867496506,
    "max": 1.0000000000004672,
    "mean": 0.5357448263915604
  },
  "new_cols": 1500,
  "added_count": 1500,
  "pool_size": 7500,
  "stale_age": 0,
  "stop_counters": {
    "no_new_cols": 0,
    "pool_stagnation": 0,
    "incumbent_stagnation": 0
  }
}