{
  "iteration": 17,
  "lp_obj": 432.97970159488216,
  "lp_status": "Optimal",
  "duals_source": "fresh",
  "dual_stats": {
    "count": 1385,
    "nnz": 1382,
    "min": -3.7674619705889634,
    "max": 1.0000000000000469,
    "mean": 0.3126207231732004
  },
  "new_cols": 1500,
  "added_count": 1500,
  "pool_size": 28500,
  "stale_age": 0,
  "stop_counters": {
    "no_new_cols": 0,
    "pool_stagnation": 0,
    "incumbent_stagnation": 0
  }
}