{
  "iteration": 13,
  "lp_obj": 506.50614699483367,
  "lp_status": "Optimal",
  "duals_source": "fresh",
  "dual_stats": {
    "count": 1385,
    "nnz": 1363,
    "min": -6.142362468406092,
    "max": 1.0000000000001077,
    "mean": 0.3657084093825524
  },
  "new_cols": 1500,
  "added_count": 1500,
  "pool_size": 22500,
  "stale_age": 0,
  "stop_counters": {
    "no_new_cols": 0,
    "pool_stagnation": 0,
    "incumbent_stagnation": 0
  }
}