{
  "iteration": 5,
  "mip_status": "OPTIMAL",
  "mip_time": 50.51153898239136,
  "incumbent_drivers": 1068,
  "avg_hours": 5.83567415730337,
  "pct_under_30": 97.37827715355806,
  "pct_under_20": 97.09737827715355,
  "selected_days_worked_hist": {
    "1": 1037,
    "2": 3,
    "3": 6,
    "4": 3,
    "5": 10,
    "6": 9
  },
  "lp_obj": 695.1593675787069,
  "lp_status": "Optimal",
  "duals_source": "fresh",
  "dual_stats": {
    "count": 1385,
    "nnz": 1384,
    "min": -5.071922405694477,
    "max": 1.0,
    "mean": 0.5019201209954574
  },
  "new_cols": 1500,
  "added_count": 1500,
  "pool_size": 10500,
  "stale_age": 0,
  "stop_counters": {
    "no_new_cols": 0,
    "pool_stagnation": 0,
    "incumbent_stagnation": 0
  }
}