{
  "iteration": 2,
  "lp_obj": 765.273338038392,
  "lp_status": "Optimal",
  "duals_source": "fresh",
  "dual_stats": {
    "count": 1385,
    "nnz": 1385,
    "min": -4.032387027073426,
    "max": 1.0000000000003926,
    "mean": 0.5525439263815102
  },
  "new_cols": 1500,
  "added_count": 1500,
  "pool_size": 6000,
  "stale_age": 0,
  "stop_counters": {
    "no_new_cols": 0,
    "pool_stagnation": 0,
    "incumbent_stagnation": 0
  }
}