{
  "iteration": 12,
  "lp_obj": 522.9866212238718,
  "lp_status": "Optimal",
  "duals_source": "fresh",
  "dual_stats": {
    "count": 1385,
    "nnz": 1374,
    "min": -5.634268601755931,
    "max": 1.0000000000001268,
    "mean": 0.3776076687536984
  },
  "new_cols": 1500,
  "added_count": 1500,
  "pool_size": 21000,
  "stale_age": 0,
  "stop_counters": {
    "no_new_cols": 0,
    "pool_stagnation": 0,
    "incumbent_stagnation": 0
  }
}