{
  "iteration": 7,
  "lp_obj": 635.3748037876748,
  "lp_status": "Optimal",
  "duals_source": "fresh",
  "dual_stats": {
    "count": 1385,
    "nnz": 1381,
    "min": -7.429551124776376,
    "max": 1.0000000000006342,
    "mean": 0.458754370965829
  },
  "new_cols": 1500,
  "added_count": 1500,
  "pool_size": 13500,
  "stale_age": 0,
  "stop_counters": {
    "no_new_cols": 0,
    "pool_stagnation": 0,
    "incumbent_stagnation": 0
  }
}