{
  "iteration": 19,
  "lp_obj": 414.9431925880161,
  "lp_status": "Optimal",
  "duals_source": "fresh",
  "dual_stats": {
    "count": 1385,
    "nnz": 1381,
    "min": -4.160558565566481,
    "max": 1.0000000000005635,
    "mean": 0.2995979729877374
  },
  "new_cols": 1500,
  "added_count": 1500,
  "pool_size": 31500,
  "stale_age": 0,
  "stop_counters": {
    "no_new_cols": 0,
    "pool_stagnation": 0,
    "incumbent_stagnation": 0
  }
}