{
  "iteration": 4,
  "lp_obj": 161.99999999999994,
  "lp_status": "Optimal",
  "duals_source": "fresh",
  "dual_stats": {
    "count": 290,
    "nnz": 226,
    "min": -1.0000000000000009,
    "max": 1.0000000000000009,
    "mean": 0.5586206896551724
  },
  "new_cols": 500,
  "added_count": 500,
  "pool_size": 2290,
  "stale_age": 0,
  "stop_counters": {
    "no_new_cols": 0,
    "pool_stagnation": 0,
    "incumbent_stagnation": 0
  }
}