{
  "iteration": 16,
  "lp_obj": 498.54882557933956,
  "lp_status": "Optimal",
  "duals_source": "fresh",
  "dual_stats": {
    "count": 1272,
    "nnz": 1269,
    "min": -3.6713892909130057,
    "max": 1.0000000000000107,
    "mean": 0.39194090061268755
  },
  "new_cols": 1500,
  "added_count": 1500,
  "pool_size": 24340,
  "stale_age": 0,
  "stop_counters": {
    "no_new_cols": 0,
    "pool_stagnation": 1,
    "incumbent_stagnation": 1
  }
}