{
  "iteration": 7,
  "lp_obj": 411.26279179249923,
  "lp_status": "Optimal",
  "duals_source": "fresh",
  "dual_stats": {
    "count": 1272,
    "nnz": 1272,
    "min": -2.9613343162978705,
    "max": 1.0000000000000056,
    "mean": 0.32331980486831646
  },
  "new_cols": 1500,
  "added_count": 1500,
  "pool_size": 15340,
  "stale_age": 0,
  "stop_counters": {
    "no_new_cols": 0,
    "pool_stagnation": 0,
    "incumbent_stagnation": 0
  }
}