{
  "iteration": 18,
  "lp_obj": 491.76833671545876,
  "lp_status": "Optimal",
  "duals_source": "fresh",
  "dual_stats": {
    "count": 1272,
    "nnz": 1269,
    "min": -3.8389631590173936,
    "max": 1.0000000000000138,
    "mean": 0.38661032760649156
  },
  "new_cols": 1500,
  "added_count": 1500,
  "pool_size": 27340,
  "stale_age": 0,
  "stop_counters": {
    "no_new_cols": 0,
    "pool_stagnation": 0,
    "incumbent_stagnation": 1
  }
}