{
  "iteration": 1,
  "mip_status": "OPTIMAL",
  "mip_time": 26.36756467819214,
  "incumbent_drivers": 1005,
  "avg_hours": 5.695306799336651,
  "pct_under_30": 95.62189054726367,
  "pct_under_20": 95.62189054726367,
  "selected_days_worked_hist": {
    "1": 961,
    "3": 28,
    "4": 16
  },
  "lp_obj": 708.8553887165464,
  "lp_status": "Optimal",
  "duals_source": "fresh",
  "dual_stats": {
    "count": 1272,
    "nnz": 1269,
    "min": -4.126194550438395,
    "max": 1.0,
    "mean": 0.557276248990994
  },
  "new_cols": 1500,
  "added_count": 1500,
  "pool_size": 6340,
  "stale_age": 0,
  "stop_counters": {
    "no_new_cols": 0,
    "pool_stagnation": 0,
    "incumbent_stagnation": 0
  }
}