{
  "iteration": 5,
  "mip_status": "FAILED_STAGE_1",
  "mip_time": 0.562633752822876,
  "lp_obj": 445.4770542576349,
  "lp_status": "Optimal",
  "duals_source": "fresh",
  "dual_stats": {
    "count": 1272,
    "nnz": 1272,
    "min": -3.0630600235085277,
    "max": 1.0000000000000004,
    "mean": 0.35021780995097046
  },
  "new_cols": 1500,
  "added_count": 1500,
  "pool_size": 12340,
  "stale_age": 0,
  "stop_counters": {
    "no_new_cols": 0,
    "pool_stagnation": 0,
    "incumbent_stagnation": 0
  }
}