{
  "iteration": 14,
  "lp_obj": 509.0690807854343,
  "lp_status": "Optimal",
  "duals_source": "fresh",
  "dual_stats": {
    "count": 1272,
    "nnz": 1265,
    "min": -3.9801841356927703,
    "max": 1.0000000000001805,
    "mean": 0.4002115414979831
  },
  "new_cols": 1500,
  "added_count": 1500,
  "pool_size": 22840,
  "stale_age": 0,
  "stop_counters": {
    "no_new_cols": 0,
    "pool_stagnation": 2,
    "incumbent_stagnation": 0
  }
}