{
  "iteration": 17,
  "lp_obj": 494.3307463067446,
  "lp_status": "Optimal",
  "duals_source": "fresh",
  "dual_stats": {
    "count": 1272,
    "nnz": 1267,
    "min": -3.914712146425027,
    "max": 1.0000000000000124,
    "mean": 0.3886248005556163
  },
  "new_cols": 1500,
  "added_count": 1500,
  "pool_size": 25840,
  "stale_age": 0,
  "stop_counters": {
    "no_new_cols": 0,
    "pool_stagnation": 0,
    "incumbent_stagnation": 1
  }
}