{
  "iteration": 11,
  "lp_obj": 514.4157102777407,
  "lp_status": "Optimal",
  "duals_source": "fresh",
  "dual_stats": {
    "count": 1272,
    "nnz": 1264,
    "min": -4.0000000000000195,
    "max": 1.0000000000000222,
    "mean": 0.4044148665705519
  },
  "new_cols": 1500,
  "added_count": 1500,
  "pool_size": 21340,
  "stale_age": 0,
  "stop_counters": {
    "no_new_cols": 0,
    "pool_stagnation": 0,
    "incumbent_stagnation": 0
  }
}