{
  "iteration": 7,
  "lp_obj": 463.99435756522456,
  "lp_status": "Optimal",
  "duals_source": "fresh",
  "dual_stats": {
    "count": 1272,
    "nnz": 1272,
    "min": -3.4079625023354616,
    "max": 1.000000000000007,
    "mean": 0.36477543833744075
  },
  "new_cols": 1500,
  "added_count": 1500,
  "pool_size": 13500,
  "stale_age": 0,
  "stop_counters": {
    "no_new_cols": 0,
    "pool_stagnation": 0,
    "incumbent_stagnation": 0
  }
}