{
  "iteration": 5,
  "mip_status": "OPTIMAL",
  "mip_time": 18.399487257003784,
  "incumbent_drivers": 829,
  "avg_hours": 6.904443104141537,
  "pct_under_30": 96.98431845597105,
  "pct_under_20": 93.72738238841978,
  "selected_days_worked_hist": {
    "1": 777,
    "2": 27,
    "3": 10,
    "4": 15
  },
  "lp_obj": 499.35582966933936,
  "lp_status": "Optimal",
  "duals_source": "fresh",
  "dual_stats": {
    "count": 1272,
    "nnz": 1271,
    "min": -3.4823186086263664,
    "max": 1.000000000000001,
    "mean": 0.392575337790361
  },
  "new_cols": 1500,
  "added_count": 1500,
  "pool_size": 10500,
  "stale_age": 0,
  "stop_counters": {
    "no_new_cols": 0,
    "pool_stagnation": 0,
    "incumbent_stagnation": 0
  }
}