{
  "iteration": 1,
  "mip_status": "OPTIMAL",
  "mip_time": 11.596176862716675,
  "incumbent_drivers": 1082,
  "avg_hours": 5.290003080714726,
  "pct_under_30": 97.13493530499076,
  "pct_under_20": 97.13493530499076,
  "selected_days_worked_hist": {
    "1": 1051,
    "3": 15,
    "4": 16
  },
  "lp_obj": 777.18110130212,
  "lp_status": "Optimal",
  "duals_source": "fresh",
  "dual_stats": {
    "count": 1272,
    "nnz": 1272,
    "min": -4.838037000182941,
    "max": 1.0,
    "mean": 0.6109914318412891
  },
  "new_cols": 1500,
  "added_count": 1500,
  "pool_size": 4500,
  "stale_age": 0,
  "stop_counters": {
    "no_new_cols": 0,
    "pool_stagnation": 0,
    "incumbent_stagnation": 0
  }
}