{
  "iteration": 8,
  "lp_obj": 449.93736772480133,
  "lp_status": "Optimal",
  "duals_source": "fresh",
  "dual_stats": {
    "count": 1272,
    "nnz": 1235,
    "min": -2.9892046448306395,
    "max": 1.0000000000000004,
    "mean": 0.3537243456955994
  },
  "new_cols": 1500,
  "added_count": 1500,
  "pool_size": 15000,
  "stale_age": 0,
  "stop_counters": {
    "no_new_cols": 0,
    "pool_stagnation": 0,
    "incumbent_stagnation": 0
  }
}