{
  "iteration": 6,
  "lp_obj": 482.29662216492454,
  "lp_status": "Optimal",
  "duals_source": "fresh",
  "dual_stats": {
    "count": 1272,
    "nnz": 1272,
    "min": -3.4314490512156834,
    "max": 1.000000000000064,
    "mean": 0.3791640111359479
  },
  "new_cols": 1500,
  "added_count": 1500,
  "pool_size": 12000,
  "stale_age": 0,
  "stop_counters": {
    "no_new_cols": 0,
    "pool_stagnation": 0,
    "incumbent_stagnation": 0
  }
}