{
  "iteration": 4,
  "lp_obj": 525.0519470487751,
  "lp_status": "Optimal",
  "duals_source": "fresh",
  "dual_stats": {
    "count": 1272,
    "nnz": 1271,
    "min": -3.6160235035147528,
    "max": 1.0000000000000007,
    "mean": 0.4127766879314271
  },
  "new_cols": 1500,
  "added_count": 1500,
  "pool_size": 9000,
  "stale_age": 0,
  "stop_counters": {
    "no_new_cols": 0,
    "pool_stagnation": 0,
    "incumbent_stagnation": 0
  }
}