{
  "iteration": 4,
  "lp_obj": 711.5625454804548,
  "lp_status": "Optimal",
  "duals_source": "fresh",
  "dual_stats": {
    "count": 1385,
    "nnz": 1384,
    "min": -6.435849102476559,
    "max": 1.0000000000000009,
    "mean": 0.5137635707440108
  },
  "new_cols": 1500,
  "added_count": 1500,
  "pool_size": 9000,
  "stale_age": 0,
  "stop_counters": {
    "no_new_cols": 0,
    "pool_stagnation": 0,
    "incumbent_stagnation": 0
  }
}