{
  "iteration": 9,
  "lp_obj": 532.7533182918849,
  "lp_status": "Optimal",
  "duals_source": "fresh",
  "dual_stats": {
    "count": 1385,
    "nnz": 1385,
    "min": -2.7356763277253977,
    "max": 1.0000000000000004,
    "mean": 0.3846594355898068
  },
  "new_cols": 1500,
  "added_count": 1500,
  "pool_size": 16500,
  "stale_age": 0,
  "stop_counters": {
    "no_new_cols": 0,
    "pool_stagnation": 0,
    "incumbent_stagnation": 0
  }
}