{
  "iteration": 20,
  "mip_status": "OPTIMAL",
  "mip_time": 30.395817518234253,
  "incumbent_drivers": 898,
  "avg_hours": 6.940423162583519,
  "pct_under_30": 96.21380846325167,
  "pct_under_20": 94.3207126948775,
  "selected_days_worked_hist": {
    "1": 842,
    "2": 21,
    "3": 5,
    "4": 9,
    "5": 10,
    "6": 11
  },
  "lp_obj": 449.07065875769905,
  "lp_status": "Optimal",
  "duals_source": "fresh",
  "dual_stats": {
    "count": 1385,
    "nnz": 1380,
    "min": -3.0274995386936903,
    "max": 1.0000000000002256,
    "mean": 0.32423874278534515
  },
  "new_cols": 1500,
  "added_count": 1500,
  "pool_size": 31500,
  "stale_age": 0,
  "stop_counters": {
    "no_new_cols": 0,
    "pool_stagnation": 0,
    "incumbent_stagnation": 0
  }
}