{
  "iteration": 19,
  "lp_obj": 473.57734372955184,
  "lp_status": "Optimal",
  "duals_source": "fresh",
  "dual_stats": {
    "count": 1385,
    "nnz": 1381,
    "min": -2.8678263697436526,
    "max": 1.0000000000002802,
    "mean": 0.34193310016574097
  },
  "new_cols": 1500,
  "added_count": 1500,
  "pool_size": 30000,
  "stale_age": 0,
  "stop_counters": {
    "no_new_cols": 0,
    "pool_stagnation": 1,
    "incumbent_stagnation": 0
  }
}