{
  "iteration": 21,
  "lp_obj": 431.06574928363676,
  "lp_status": "Optimal",
  "duals_source": "fresh",
  "dual_stats": {
    "count": 1385,
    "nnz": 1382,
    "min": -3.7151146967042874,
    "max": 1.0000000000007607,
    "mean": 0.31123880814703125
  },
  "new_cols": 1500,
  "added_count": 1500,
  "pool_size": 33000,
  "stale_age": 0,
  "stop_counters": {
    "no_new_cols": 0,
    "pool_stagnation": 0,
    "incumbent_stagnation": 0
  }
}