{
  "iteration": 1,
  "mip_status": "OPTIMAL",
  "mip_time": 12.59184741973877,
  "incumbent_drivers": 1188,
  "avg_hours": 5.246212121212121,
  "pct_under_30": 97.97979797979798,
  "pct_under_20": 97.97979797979798,
  "selected_days_worked_hist": {
    "1": 1164,
    "4": 9,
    "5": 13,
    "6": 2
  },
  "lp_obj": 799.9874765209637,
  "lp_status": "Optimal",
  "duals_source": "fresh",
  "dual_stats": {
    "count": 1385,
    "nnz": 1385,
    "min": -4.329697342079729,
    "max": 1.0,
    "mean": 0.5776082862967259
  },
  "new_cols": 1500,
  "added_count": 1500,
  "pool_size": 4500,
  "stale_age": 0,
  "stop_counters": {
    "no_new_cols": 0,
    "pool_stagnation": 0,
    "incumbent_stagnation": 0
  }
}