{
  "iteration": 12,
  "lp_obj": 510.92436333474325,
  "lp_status": "Optimal",
  "duals_source": "fresh",
  "dual_stats": {
    "count": 1385,
    "nnz": 1383,
    "min": -2.904909838155441,
    "max": 1.0000000000000013,
    "mean": 0.36889845728140214
  },
  "new_cols": 1500,
  "added_count": 1500,
  "pool_size": 21000,
  "stale_age": 0,
  "stop_counters": {
    "no_new_cols": 0,
    "pool_stagnation": 0,
    "incumbent_stagnation": 0
  }
}