{
  "iteration": 24,
  "lp_obj": 385.55138351757427,
  "lp_status": "Optimal",
  "duals_source": "fresh",
  "dual_stats": {
    "count": 1385,
    "nnz": 1304,
    "min": -2.065719999119698,
    "max": 1.0000000000000004,
    "mean": 0.27837645019319424
  },
  "new_cols": 1500,
  "added_count": 1500,
  "pool_size": 34500,
  "stale_age": 0,
  "stop_counters": {
    "no_new_cols": 0,
    "pool_stagnation": 1,
    "incumbent_stagnation": 0
  }
}