{
  "iteration": 7,
  "lp_obj": 551.1383945608027,
  "lp_status": "Optimal",
  "duals_source": "fresh",
  "dual_stats": {
    "count": 1385,
    "nnz": 1384,
    "min": -3.8096206593017374,
    "max": 1.0000000000000004,
    "mean": 0.3979338588886647
  },
  "new_cols": 1500,
  "added_count": 1500,
  "pool_size": 13500,
  "stale_age": 0,
  "stop_counters": {
    "no_new_cols": 0,
    "pool_stagnation": 0,
    "incumbent_stagnation": 0
  }
}