{
  "iteration": 6,
  "lp_obj": 572.9335462245108,
  "lp_status": "Optimal",
  "duals_source": "fresh",
  "dual_stats": {
    "count": 1385,
    "nnz": 1385,
    "min": -4.072558275223393,
    "max": 1.0000000000000002,
    "mean": 0.4136704304870109
  },
  "new_cols": 1500,
  "added_count": 1500,
  "pool_size": 12000,
  "stale_age": 0,
  "stop_counters": {
    "no_new_cols": 0,
    "pool_stagnation": 0,
    "incumbent_stagnation": 0
  }
}