{
  "iteration": 16,
  "lp_obj": 415.1930061043255,
  "lp_status": "Optimal",
  "duals_source": "fresh",
  "dual_stats": {
    "count": 1385,
    "nnz": 1315,
    "min": -2.024233736515865,
    "max": 1.0000000000000007,
    "mean": 0.29977834375763557
  },
  "new_cols": 1500,
  "added_count": 1500,
  "pool_size": 27000,
  "stale_age": 0,
  "stop_counters": {
    "no_new_cols": 0,
    "pool_stagnation": 0,
    "incumbent_stagnation": 0
  }
}