{
  "iteration": 8,
  "lp_obj": 540.7404175733955,
  "lp_status": "Optimal",
  "duals_source": "fresh",
  "dual_stats": {
    "count": 1385,
    "nnz": 1385,
    "min": -3.0832339359634893,
    "max": 1.0000000000000007,
    "mean": 0.3904262942768201
  },
  "new_cols": 1500,
  "added_count": 1500,
  "pool_size": 15000,
  "stale_age": 0,
  "stop_counters": {
    "no_new_cols": 0,
    "pool_stagnation": 0,
    "incumbent_stagnation": 0
  }
}