{
  "iteration": 10,
  "mip_status": "OPTIMAL",
  "mip_time": 30.41072154045105,
  "incumbent_drivers": 897,
  "avg_hours": 6.948160535117057,
  "pct_under_30": 97.9933110367893,
  "pct_under_20": 95.9866220735786,
  "selected_days_worked_hist": {
    "1": 860,
    "2": 19,
    "4": 3,
    "5": 8,
    "6": 7
  },
  "lp_obj": 524.4414113576539,
  "lp_status": "Optimal",
  "duals_source": "fresh",
  "dual_stats": {
    "count": 1385,
    "nnz": 1385,
    "min": -2.9253253316497645,
    "max": 1.0000000000000002,
    "mean": 0.3786580587419883
  },
  "new_cols": 1500,
  "added_count": 1500,
  "pool_size": 18000,
  "stale_age": 0,
  "stop_counters": {
    "no_new_cols": 0,
    "pool_stagnation": 0,
    "incumbent_stagnation": 0
  }
}