{
  "iteration": 18,
  "lp_obj": 404.36801960452453,
  "lp_status": "Optimal",
  "duals_source": "fresh",
  "dual_stats": {
    "count": 1385,
    "nnz": 1290,
    "min": -2.1603512926626056,
    "max": 1.0000000000000027,
    "mean": 0.2919624690285369
  },
  "new_cols": 1500,
  "added_count": 1500,
  "pool_size": 30000,
  "stale_age": 0,
  "stop_counters": {
    "no_new_cols": 0,
    "pool_stagnation": 0,
    "incumbent_stagnation": 0
  }
}