{
  "iteration": 25,
  "mip_status": "OPTIMAL",
  "mip_time": 30.228434801101685,
  "incumbent_drivers": 763,
  "avg_hours": 8.168414154652687,
  "pct_under_30": 98.1651376146789,
  "pct_under_20": 94.36435124508519,
  "selected_days_worked_hist": {
    "1": 714,
    "2": 35,
    "4": 4,
    "5": 2,
    "6": 8
  },
  "lp_obj": 381.71477332300026,
  "lp_status": "Optimal",
  "duals_source": "fresh",
  "dual_stats": {
    "count": 1385,
    "nnz": 1291,
    "min": -1.861858913128095,
    "max": 1.0000000000000027,
    "mean": 0.2756063345292421
  },
  "new_cols": 1500,
  "added_count": 1500,
  "pool_size": 36000,
  "stale_age": 0,
  "stop_counters": {
    "no_new_cols": 0,
    "pool_stagnation": 0,
    "incumbent_stagnation": 0
  }
}