{
  "iteration": 1,
  "mip_status": "OPTIMAL",
  "mip_time": 16.646827220916748,
  "incumbent_drivers": 1074,
  "avg_hours": 5.329407200496586,
  "pct_under_30": 96.92737430167597,
  "pct_under_20": 96.92737430167597,
  "selected_days_worked_hist": {
    "1": 1041,
    "3": 22,
    "4": 11
  },
  "lp_obj": 791.578360866652,
  "lp_status": "Optimal",
  "duals_source": "fresh",
  "dual_stats": {
    "count": 1272,
    "nnz": 1272,
    "min": -5.143016173262588,
    "max": 1.0,
    "mean": 0.6223100321278723
  },
  "new_cols": 1500,
  "added_count": 1500,
  "pool_size": 4500,
  "stale_age": 0,
  "stop_counters": {
    "no_new_cols": 0,
    "pool_stagnation": 0,
    "incumbent_stagnation": 0
  }
}