{
  "iteration": 10,
  "mip_status": "OPTIMAL",
  "mip_time": 20.48721480369568,
  "incumbent_drivers": 807,
  "avg_hours": 7.092668318876497,
  "pct_under_30": 96.40644361833954,
  "pct_under_20": 96.40644361833954,
  "selected_days_worked_hist": {
    "1": 778,
    "3": 11,
    "4": 18
  },
  "lp_obj": 510.79720425755903,
  "lp_status": "Optimal",
  "duals_source": "fresh",
  "dual_stats": {
    "count": 1272,
    "nnz": 1272,
    "min": -4.24802416078953,
    "max": 1.0000000000000009,
    "mean": 0.40157012913329904
  },
  "new_cols": 1500,
  "added_count": 1500,
  "pool_size": 18000,
  "stale_age": 0,
  "stop_counters": {
    "no_new_cols": 0,
    "pool_stagnation": 0,
    "incumbent_stagnation": 0
  }
}