{
  "iteration": 3,
  "lp_obj": 605.3579126929476,
  "lp_status": "Optimal",
  "duals_source": "fresh",
  "dual_stats": {
    "count": 1272,
    "nnz": 1266,
    "min": -3.971306006282196,
    "max": 1.0000000000000004,
    "mean": 0.47591030872087076
  },
  "new_cols": 1500,
  "added_count": 1500,
  "pool_size": 7500,
  "stale_age": 0,
  "stop_counters": {
    "no_new_cols": 0,
    "pool_stagnation": 0,
    "incumbent_stagnation": 0
  }
}