{
  "iteration": 5,
  "mip_status": "OPTIMAL",
  "mip_time": 25.924463510513306,
  "incumbent_drivers": 773,
  "avg_hours": 7.404635618801208,
  "pct_under_30": 97.41267787839585,
  "pct_under_20": 92.75549805950841,
  "selected_days_worked_hist": {
    "1": 699,
    "2": 49,
    "3": 12,
    "4": 13
  },
  "lp_obj": 442.9428111168002,
  "lp_status": "Optimal",
  "duals_source": "fresh",
  "dual_stats": {
    "count": 1272,
    "nnz": 1269,
    "min": -3.0,
    "max": 1.0000000000000036,
    "mean": 0.34822548043773544
  },
  "new_cols": 1500,
  "added_count": 1500,
  "pool_size": 12340,
  "stale_age": 0,
  "stop_counters": {
    "no_new_cols": 0,
    "pool_stagnation": 0,
    "incumbent_stagnation": 0
  }
}