{
  "iteration": 2,
  "lp_obj": 608.4399076507783,
  "lp_status": "Optimal",
  "duals_source": "fresh",
  "dual_stats": {
    "count": 1272,
    "nnz": 1268,
    "min": -3.7485764291544323,
    "max": 1.0000000000000004,
    "mean": 0.4783332607317443
  },
  "new_cols": 1500,
  "added_count": 1500,
  "pool_size": 7840,
  "stale_age": 0,
  "stop_counters": {
    "no_new_cols": 0,
    "pool_stagnation": 0,
    "incumbent_stagnation": 0
  }
}