{
  "iteration": 4,
  "lp_obj": 479.8986761597288,
  "lp_status": "Optimal",
  "duals_source": "fresh",
  "dual_stats": {
    "count": 1272,
    "nnz": 1271,
    "min": -3.242347609330039,
    "max": 1.0000000000000002,
    "mean": 0.3772788334589052
  },
  "new_cols": 1500,
  "added_count": 1500,
  "pool_size": 10840,
  "stale_age": 0,
  "stop_counters": {
    "no_new_cols": 0,
    "pool_stagnation": 0,
    "incumbent_stagnation": 0
  }
}