{
  "iteration": 3,
  "lp_obj": 529.2856788609362,
  "lp_status": "Optimal",
  "duals_source": "fresh",
  "dual_stats": {
    "count": 1272,
    "nnz": 1262,
    "min": -3.7617690252633746,
    "max": 1.0000000000000262,
    "mean": 0.4161050934441321
  },
  "new_cols": 1500,
  "added_count": 1500,
  "pool_size": 9340,
  "stale_age": 0,
  "stop_counters": {
    "no_new_cols": 0,
    "pool_stagnation": 0,
    "incumbent_stagnation": 0
  }
}