{
  "iteration": 1,
  "mip_status": "OPTIMAL",
  "mip_time": 18.75593090057373,
  "incumbent_drivers": 1067,
  "avg_hours": 5.36437050921587,
  "pct_under_30": 96.81349578256795,
  "pct_under_20": 96.81349578256795,
  "selected_days_worked_hist": {
    "1": 1033,
    "3": 17,
    "4": 17
  },
  "lp_obj": 708.7269138062568,
  "lp_status": "Optimal",
  "duals_source": "fresh",
  "dual_stats": {
    "count": 1272,
    "nnz": 1271,
    "min": -4.393433681019935,
    "max": 1.0,
    "mean": 0.5571752467030332
  },
  "new_cols": 1500,
  "added_count": 1500,
  "pool_size": 6340,
  "stale_age": 0,
  "stop_counters": {
    "no_new_cols": 0,
    "pool_stagnation": 0,
    "incumbent_stagnation": 0
  }
}