{
  "iteration": 10,
  "mip_status": "OPTIMAL",
  "mip_time": 30.189976930618286,
  "incumbent_drivers": 734,
  "avg_hours": 7.798069936421435,
  "pct_under_30": 95.64032697547684,
  "pct_under_20": 91.41689373297002,
  "selected_days_worked_hist": {
    "1": 671,
    "2": 31,
    "3": 11,
    "4": 21
  },
  "lp_obj": 441.90596473903696,
  "lp_status": "Optimal",
  "duals_source": "fresh",
  "dual_stats": {
    "count": 1272,
    "nnz": 1202,
    "min": -3.5679439038549763,
    "max": 1.0000000000000009,
    "mean": 0.34741034963761
  },
  "new_cols": 1500,
  "added_count": 1500,
  "pool_size": 18000,
  "stale_age": 0,
  "stop_counters": {
    "no_new_cols": 0,
    "pool_stagnation": 0,
    "incumbent_stagnation": 0
  }
}