{
  "iteration": 3,
  "lp_obj": 603.4854944637432,
  "lp_status": "Optimal",
  "duals_source": "fresh",
  "dual_stats": {
    "count": 1272,
    "nnz": 1272,
    "min": -4.354222883910884,
    "max": 1.0000000000000007,
    "mean": 0.4744382818111187
  },
  "new_cols": 1500,
  "added_count": 1500,
  "pool_size": 7500,
  "stale_age": 0,
  "stop_counters": {
    "no_new_cols": 0,
    "pool_stagnation": 0,
    "incumbent_stagnation": 0
  }
}