{
  "iteration": 1,
  "mip_status": "OPTIMAL",
  "mip_time": 27.00017523765564,
  "incumbent_drivers": 1003,
  "avg_hours": 5.706663343303424,
  "pct_under_30": 95.61316051844466,
  "pct_under_20": 95.61316051844466,
  "selected_days_worked_hist": {
    "1": 959,
    "3": 23,
    "4": 21
  },
  "lp_obj": 798.6659086075304,
  "lp_status": "Optimal",
  "duals_source": "fresh",
  "dual_stats": {
    "count": 1272,
    "nnz": 1272,
    "min": -5.502024069258585,
    "max": 1.0,
    "mean": 0.627882003622272
  },
  "new_cols": 1500,
  "added_count": 1500,
  "pool_size": 4500,
  "stale_age": 0,
  "stop_counters": {
    "no_new_cols": 0,
    "pool_stagnation": 0,
    "incumbent_stagnation": 0
  }
}