{
  "iteration": 15,
  "mip_status": "OPTIMAL",
  "mip_time": 29.29431915283203,
  "incumbent_drivers": 699,
  "avg_hours": 8.18853123509776,
  "pct_under_30": 95.99427753934192,
  "pct_under_20": 91.27324749642347,
  "selected_days_worked_hist": {
    "1": 638,
    "2": 33,
    "3": 12,
    "4": 16
  },
  "lp_obj": 358.6233392080199,
  "lp_status": "Optimal",
  "duals_source": "fresh",
  "dual_stats": {
    "count": 1272,
    "nnz": 1113,
    "min": -2.704289246966893,
    "max": 1.0000000000000147,
    "mean": 0.2819365874276877
  },
  "new_cols": 1500,
  "added_count": 1500,
  "pool_size": 25500,
  "stale_age": 0,
  "stop_counters": {
    "no_new_cols": 0,
    "pool_stagnation": 0,
    "incumbent_stagnation": 0
  }
}