{
  "iteration": 5,
  "mip_status": "OPTIMAL",
  "mip_time": 25.438701152801514,
  "incumbent_drivers": 845,
  "avg_hours": 6.77370808678501,
  "pct_under_30": 96.92307692307692,
  "pct_under_20": 93.84615384615384,
  "selected_days_worked_hist": {
    "1": 793,
    "2": 26,
    "3": 8,
    "4": 18
  },
  "lp_obj": 520.4269368880006,
  "lp_status": "Optimal",
  "duals_source": "fresh",
  "dual_stats": {
    "count": 1272,
    "nnz": 1247,
    "min": -3.9854629585981507,
    "max": 1.0000000000000004,
    "mean": 0.40914067365408857
  },
  "new_cols": 1500,
  "added_count": 1500,
  "pool_size": 10500,
  "stale_age": 0,
  "stop_counters": {
    "no_new_cols": 0,
    "pool_stagnation": 0,
    "incumbent_stagnation": 0
  }
}