{
  "iteration": 7,
  "lp_obj": 490.2817737653914,
  "lp_status": "Optimal",
  "duals_source": "fresh",
  "dual_stats": {
    "count": 1272,
    "nnz": 1272,
    "min": -3.9978602623944037,
    "max": 1.0000000000000018,
    "mean": 0.3854416460419711
  },
  "new_cols": 1500,
  "added_count": 1500,
  "pool_size": 13500,
  "stale_age": 0,
  "stop_counters": {
    "no_new_cols": 0,
    "pool_stagnation": 0,
    "incumbent_stagnation": 0
  }
}