{
  "iteration": 12,
  "lp_obj": 430.95601966826126,
  "lp_status": "Optimal",
  "duals_source": "fresh",
  "dual_stats": {
    "count": 1272,
    "nnz": 1204,
    "min": -3.344512639188612,
    "max": 1.0000000000000258,
    "mean": 0.3388019022549228
  },
  "new_cols": 1500,
  "added_count": 1500,
  "pool_size": 21000,
  "stale_age": 0,
  "stop_counters": {
    "no_new_cols": 0,
    "pool_stagnation": 0,
    "incumbent_stagnation": 0
  }
}