{
  "iteration": 9,
  "lp_obj": 455.38106554917886,
  "lp_status": "Optimal",
  "duals_source": "fresh",
  "dual_stats": {
    "count": 1272,
    "nnz": 1241,
    "min": -3.8074288427862317,
    "max": 1.0000000000001603,
    "mean": 0.3580039823499848
  },
  "new_cols": 1500,
  "added_count": 1500,
  "pool_size": 16500,
  "stale_age": 0,
  "stop_counters": {
    "no_new_cols": 0,
    "pool_stagnation": 0,
    "incumbent_stagnation": 0
  }
}