{
  "iteration": 6,
  "lp_obj": 563.8393331096319,
  "lp_status": "Optimal",
  "duals_source": "fresh",
  "dual_stats": {
    "count": 1272,
    "nnz": 1266,
    "min": -4.470524491763192,
    "max": 1.0000000000000036,
    "mean": 0.4432699159666908
  },
  "new_cols": 1500,
  "added_count": 1500,
  "pool_size": 12000,
  "stale_age": 0,
  "stop_counters": {
    "no_new_cols": 0,
    "pool_stagnation": 0,
    "incumbent_stagnation": 0
  }
}