{
  "iteration": 8,
  "lp_obj": 546.9315055737466,
  "lp_status": "Optimal",
  "duals_source": "fresh",
  "dual_stats": {
    "count": 1272,
    "nnz": 1266,
    "min": -4.404050851175661,
    "max": 1.0000000000000004,
    "mean": 0.4299775987214989
  },
  "new_cols": 1500,
  "added_count": 1500,
  "pool_size": 15000,
  "stale_age": 0,
  "stop_counters": {
    "no_new_cols": 0,
    "pool_stagnation": 0,
    "incumbent_stagnation": 0
  }
}