{
  "iteration": 9,
  "lp_obj": 537.7083304069811,
  "lp_status": "Optimal",
  "duals_source": "fresh",
  "dual_stats": {
    "count": 1272,
    "nnz": 1266,
    "min": -4.212185285461376,
    "max": 1.0000000000000027,
    "mean": 0.42272667484825577
  },
  "new_cols": 1500,
  "added_count": 1500,
  "pool_size": 16500,
  "stale_age": 0,
  "stop_counters": {
    "no_new_cols": 0,
    "pool_stagnation": 0,
    "incumbent_stagnation": 0
  }
}