{
  "iteration": 5,
  "mip_status": "OPTIMAL",
  "mip_time": 20.284330368041992,
  "incumbent_drivers": 864,
  "avg_hours": 6.624749228395062,
  "pct_under_30": 96.875,
  "pct_under_20": 96.875,
  "selected_days_worked_hist": {
    "1": 837,
    "3": 8,
    "4": 19
  },
  "lp_obj": 578.3116824856284,
  "lp_status": "Optimal",
  "duals_source": "fresh",
  "dual_stats": {
    "count": 1272,
    "nnz": 1260,
    "min": -4.171598919455103,
    "max": 1.0000000000000002,
    "mean": 0.45464754912392163
  },
  "new_cols": 1500,
  "added_count": 1500,
  "pool_size": 10500,
  "stale_age": 0,
  "stop_counters": {
    "no_new_cols": 0,
    "pool_stagnation": 0,
    "incumbent_stagnation": 0
  }
}