{
  "iteration": 1,
  "mip_status": "OPTIMAL",
  "mip_time": 20.4293053150177,
  "incumbent_drivers": 993,
  "avg_hours": 5.764132259147365,
  "pct_under_30": 96.37462235649546,
  "pct_under_20": 96.37462235649546,
  "selected_days_worked_hist": {
    "1": 957,
    "3": 12,
    "4": 24
  },
  "lp_obj": 799.5734416065316,
  "lp_status": "Optimal",
  "duals_source": "fresh",
  "dual_stats": {
    "count": 1272,
    "nnz": 1272,
    "min": -6.367398001884861,
    "max": 1.0,
    "mean": 0.6285954729611098
  },
  "new_cols": 1500,
  "added_count": 1500,
  "pool_size": 4500,
  "stale_age": 0,
  "stop_counters": {
    "no_new_cols": 0,
    "pool_stagnation": 0,
    "incumbent_stagnation": 0
  }
}