{
  "run_id": "sv2_20260101_000739",
  "timestamp": "2026-01-01T00:14:45.450934",
  "input_file": "data/forecast_kw51_converted.csv",
  "status": "SUCCESS",
  "is_valid": true,
  "config": {
    "max_cg_iterations": 20,
    "lp_time_limit": 10.0,
    "mip_time_limit": 120.0,
    "target_seed_columns": 5000
  },
  "kpis": {
    "total_time": 425.70927596092224,
    "drivers_total": 715,
    "drivers_fte": 11,
    "drivers_pt": 704,
    "pt_share_pct": 98.46153846153847,
    "avg_hours": 8.005291375291376,
    "pct_under_30": 96.22377622377623,
    "pct_under_20": 91.8881118881119,
    "selected_days_worked_hist": {
      "1": 631,
      "2": 46,
      "3": 20,
      "4": 18
    },
    "pool_final_size": 11073,
    "cg_iterations": 20,
    "new_cols_added_total": 6233
  },
  "proof": {
    "coverage_pct": 100.0,
    "total_tours": 1272,
    "covered_tours": 1272,
    "artificial_used_final": 0
  }
}