{
  "iteration": 2,
  "lp_objective": 2888188.958739546,
  "pool_size": 7000,
  "incumbent_drivers": 994,
  "wall_time": 31.133167266845703,
  "new_cols_added": 1000,
  "artificial_used": 0
}