{
  "iteration": 20,
  "lp_objective": 2503308.135372409,
  "pool_size": 25000,
  "incumbent_drivers": 845,
  "wall_time": 341.973251581192,
  "new_cols_added": 1000,
  "artificial_used": 0
}