{
  "iteration": 15,
  "lp_objective": 2538164.592815159,
  "pool_size": 20000,
  "incumbent_drivers": 895,
  "wall_time": 246.78203082084656,
  "new_cols_added": 1000,
  "artificial_used": 0
}