{
  "iteration": 9,
  "lp_obj": 523.5605083787927,
  "lp_status": "Optimal",
  "duals_source": "fresh",
  "dual_stats": {
    "count": 1272,
    "nnz": 1272,
    "min": -4.492700593043998,
    "max": 1.0000000000000022,
    "mean": 0.4116041732537694
  },
  "new_cols": 1500,
  "added_count": 1500,
  "pool_size": 16500,
  "stale_age": 0,
  "stop_counters": {
    "no_new_cols": 0,
    "pool_stagnation": 0,
    "incumbent_stagnation": 0
  }
}