{
  "iteration": 6,
  "lp_obj": 549.2983541260352,
  "lp_status": "Optimal",
  "duals_source": "fresh",
  "dual_stats": {
    "count": 1272,
    "nnz": 1272,
    "min": -4.369755935536776,
    "max": 1.0000000000000013,
    "mean": 0.43183832871543826
  },
  "new_cols": 1500,
  "added_count": 1500,
  "pool_size": 12000,
  "stale_age": 0,
  "stop_counters": {
    "no_new_cols": 0,
    "pool_stagnation": 0,
    "incumbent_stagnation": 0
  }
}