{
  "iteration": 7,
  "lp_obj": 540.7070946320135,
  "lp_status": "Optimal",
  "duals_source": "fresh",
  "dual_stats": {
    "count": 1272,
    "nnz": 1272,
    "min": -4.235352003394382,
    "max": 1.000000000000003,
    "mean": 0.4250841938930909
  },
  "new_cols": 1500,
  "added_count": 1500,
  "pool_size": 13500,
  "stale_age": 0,
  "stop_counters": {
    "no_new_cols": 0,
    "pool_stagnation": 0,
    "incumbent_stagnation": 0
  }
}