{
  "iteration": 10,
  "mip_status": "OPTIMAL",
  "mip_time": 20.207486629486084,
  "incumbent_drivers": 838,
  "avg_hours": 6.830290373906126,
  "pct_under_30": 96.89737470167064,
  "pct_under_20": 96.30071599045345,
  "selected_days_worked_hist": {
    "1": 807,
    "2": 5,
    "3": 11,
    "4": 15
  },
  "lp_obj": 497.1300445540901,
  "lp_status": "Optimal",
  "duals_source": "fresh",
  "dual_stats": {
    "count": 1272,
    "nnz": 1226,
    "min": -4.501875585316591,
    "max": 1.0000000000000004,
    "mean": 0.3908255067249146
  },
  "new_cols": 1500,
  "added_count": 1500,
  "pool_size": 18000,
  "stale_age": 0,
  "stop_counters": {
    "no_new_cols": 0,
    "pool_stagnation": 0,
    "incumbent_stagnation": 1
  }
}