{
  "iteration": 1,
  "mip_status": "OPTIMAL",
  "mip_time": 18.09357213973999,
  "incumbent_drivers": 1084,
  "avg_hours": 5.280242927429275,
  "pct_under_30": 97.7859778597786,
  "pct_under_20": 97.7859778597786,
  "selected_days_worked_hist": {
    "1": 1060,
    "3": 10,
    "4": 14
  },
  "lp_obj": 801.8156479335769,
  "lp_status": "Optimal",
  "duals_source": "fresh",
  "dual_stats": {
    "count": 1272,
    "nnz": 1272,
    "min": -5.896401373924694,
    "max": 1.0,
    "mean": 0.6303582137842594
  },
  "new_cols": 1500,
  "added_count": 1500,
  "pool_size": 4500,
  "stale_age": 0,
  "stop_counters": {
    "no_new_cols": 0,
    "pool_stagnation": 0,
    "incumbent_stagnation": 0
  }
}