{
  "iteration": 5,
  "mip_status": "OPTIMAL",
  "mip_time": 20.263351917266846,
  "incumbent_drivers": 831,
  "avg_hours": 6.887825912555155,
  "pct_under_30": 96.63056558363418,
  "pct_under_20": 96.63056558363418,
  "selected_days_worked_hist": {
    "1": 803,
    "3": 8,
    "4": 20
  },
  "lp_obj": 569.4470183633363,
  "lp_status": "Optimal",
  "duals_source": "fresh",
  "dual_stats": {
    "count": 1272,
    "nnz": 1272,
    "min": -4.669024199610835,
    "max": 1.0000000000000002,
    "mean": 0.4476784735560817
  },
  "new_cols": 1500,
  "added_count": 1500,
  "pool_size": 10500,
  "stale_age": 0,
  "stop_counters": {
    "no_new_cols": 0,
    "pool_stagnation": 0,
    "incumbent_stagnation": 0
  }
}